Workbook

Sheet Read Me
A1: Foundation evaluation tracker
A2: Claude Lab: Evaluate Claude Code on Your Own Work · World Wide Technology
A4: How to use
A5: Target Tasks | B5: Complete before the workshop. One row per engineering task Claude Code is meant to take on first.
A6: Eval Cases | B6: One row per evaluation case, written from a pull request the team already merged. The merged pull request is the reference output. Keep any weak or reverted earlier output with the case.
A7: Runs | B7: One row per run of a case. Run each case three times. Every baseline run uses a fresh worktree from a clone that stops at the commit before the pull request, run with the eval-run settings file. Save every output outside the repository. Record the Claude Code version, the model, any skill or plugin used, and the cost and duration from the run's --output-format json result (total_cost_usd and duration_ms). run-case.sh prints rows in the Runs column order.
A8: Calibration | B8: Two graders grade each case's reference output and weak output independently. A case meets the documented standard when both graders are domain experts and agree.
A9: Summary | B9: Calculated. Do not type here. Shows pass rates, whether each case passed every run, and pass rates by target task.
A10: Decisions | B10: A decision for each target task and each gap found, with an owner.
A11: Exit Criteria | B11: The criteria the foundation has to meet, set before results come in. Two rows calculate from the Summary and one from Target Tasks; the rest are entered from the analytics dashboard and the foundation's own records.
A12: Where things live | B12: Keep the tracker, the case folders (eval-set/P-01/ with request.md, context.md, reference.diff, weak.diff, note.md), and the run outputs (eval-set/outputs/) outside every repository. Run Claude only in a separate runs folder, and pass eval-run-settings.json with --settings so Claude cannot read outside the run folder.
A13: Current as of | B13: 2 October 2026. Product details verified against the Claude Code documentation on that date.
A15: Color key
A16: Yellow cells | B16: Enter your data here.
A17: Blue cells | B17: Calculated automatically.
A18: Grey row 4 | B18: A worked example on every tab, showing the expected format. Overwrite or leave it; it is excluded from all calculations.
A20: Verdicts | B20: Pass: meets every Must include and breaks no Must not. Fail: misses or breaks one. Can't tell: the case is ambiguous and needs rewriting. Can't tell runs are left out of pass rates.
A21: When to choose Can't tell | B21: The verdict depends on something the case does not say. Rewrite the case.
A22: Case types | B22: Capability: tests whether something hard works yet, so a low pass rate is expected. Regression: tests that something that worked still does, so the pass rate should be close to 100 percent.
A23: Calibrated | B23: Calculated from Calibration. Two experts: both graders were domain experts and agreed. Expert and presenter: one domain expert and the presenter agreed; the case waits for a second expert. No: not yet calibrated. A rewritten case is graded again on a new Calibration row.
A24: Isolation | B24: Fresh worktree: every baseline run uses a new git worktree from a clone that stops at the commit before the pull request, run with the eval-run settings file, so no run sees another's edits. claude plugin eval: for later re-runs, once the foundation's skills ship in a plugin; the plugin's eval suite runs in a temporary home and workspace with only the plugin loaded.
A25: Decision options | B25: Ready to expand, Build a skill, Improve the brief or CLAUDE.md, Add a tool or MCP server, or Out of scope. Target Tasks also allows Not decided yet.

Sheet Target Tasks
A1: Target tasks
A2: Complete before the workshop. Row 4 is an example.
A3: Target task | B3: Owner (role) | C3: Team | D3: What good output looks like | E3: How often it happens | F3: Hours per instance today | G3: Inputs it needs | H3: Decision
A4: Bug fix from a closed issue | B4: Backend lead | C4: Platform | D4: A fix with a regression test that fails before and passes after; no unrelated changes | E4: Several a week | F4: 2 | G4: The issue, the repository at the commit it was reported against, the test suite | H4: Not decided yet

Sheet Eval Cases
A1: Evaluation cases
A2: One row per case. Row 4 is an example. Calibrated is calculated from the Calibration tab.
A3: Case ID | B3: Target task | C3: Type | D3: Should Claude ask first? | E3: Request, as an engineer would phrase it | F3: Repository and commit (inputs) | G3: Must include | H3: Must not | I3: Weak output (location, if any) | J3: Reference output: the merged pull request | K3: Source of the case | L3: Automatable grader | M3: Author (role) | N3: Date added | O3: Calibrated
A4: EX-01 | B4: Bug fix from a closed issue | C4: Capability | D4: No | E4: Fix issue 142: GET /shipments/{id} returns a 500 when the shipment has no carrier yet | F4: northwind-shipments-api at the commit before the fix | G4: The merged pull request's tests pass; the full suite passes | H4: Changes to the response schema | I4: eval-set/EX-01/weak.diff | J4: Pull request 151 | K4: Merged fix for issue 142 | L4: The pull request's tests, then reviewer judgment | M4: Backend lead | N4: YYYY-MM-DD | O4: No
O5: =IF(A5="","",IF(COUNTIFS(Calibration!$A$5:$A$104,A5,Calibration!$G$5:$G$104,"Yes",Calibration!$H$5:$H$104,"Yes")>0,"Two experts",IF(COUNTIFS(Calibration!$A$5:$A$104,A5,Calibration!$G$5:$G$104,"Yes")>0,"Expert and presenter","No")))
O6: =IF(A6="","",IF(COUNTIFS(Calibration!$A$5:$A$104,A6,Calibration!$G$5:$G$104,"Yes",Calibration!$H$5:$H$104,"Yes")>0,"Two experts",IF(COUNTIFS(Calibration!$A$5:$A$104,A6,Calibration!$G$5:$G$104,"Yes")>0,"Expert and presenter","No")))
O7: =IF(A7="","",IF(COUNTIFS(Calibration!$A$5:$A$104,A7,Calibration!$G$5:$G$104,"Yes",Calibration!$H$5:$H$104,"Yes")>0,"Two experts",IF(COUNTIFS(Calibration!$A$5:$A$104,A7,Calibration!$G$5:$G$104,"Yes")>0,"Expert and presenter","No")))
O8: =IF(A8="","",IF(COUNTIFS(Calibration!$A$5:$A$104,A8,Calibration!$G$5:$G$104,"Yes",Calibration!$H$5:$H$104,"Yes")>0,"Two experts",IF(COUNTIFS(Calibration!$A$5:$A$104,A8,Calibration!$G$5:$G$104,"Yes")>0,"Expert and presenter","No")))
O9: =IF(A9="","",IF(COUNTIFS(Calibration!$A$5:$A$104,A9,Calibration!$G$5:$G$104,"Yes",Calibration!$H$5:$H$104,"Yes")>0,"Two experts",IF(COUNTIFS(Calibration!$A$5:$A$104,A9,Calibration!$G$5:$G$104,"Yes")>0,"Expert and presenter","No")))
O10: =IF(A10="","",IF(COUNTIFS(Calibration!$A$5:$A$104,A10,Calibration!$G$5:$G$104,"Yes",Calibration!$H$5:$H$104,"Yes")>0,"Two experts",IF(COUNTIFS(Calibration!$A$5:$A$104,A10,Calibration!$G$5:$G$104,"Yes")>0,"Expert and presenter","No")))
O11: =IF(A11="","",IF(COUNTIFS(Calibration!$A$5:$A$104,A11,Calibration!$G$5:$G$104,"Yes",Calibration!$H$5:$H$104,"Yes")>0,"Two experts",IF(COUNTIFS(Calibration!$A$5:$A$104,A11,Calibration!$G$5:$G$104,"Yes")>0,"Expert and presenter","No")))
O12: =IF(A12="","",IF(COUNTIFS(Calibration!$A$5:$A$104,A12,Calibration!$G$5:$G$104,"Yes",Calibration!$H$5:$H$104,"Yes")>0,"Two experts",IF(COUNTIFS(Calibration!$A$5:$A$104,A12,Calibration!$G$5:$G$104,"Yes")>0,"Expert and presenter","No")))
O13: =IF(A13="","",IF(COUNTIFS(Calibration!$A$5:$A$104,A13,Calibration!$G$5:$G$104,"Yes",Calibration!$H$5:$H$104,"Yes")>0,"Two experts",IF(COUNTIFS(Calibration!$A$5:$A$104,A13,Calibration!$G$5:$G$104,"Yes")>0,"Expert and presenter","No")))
O14: =IF(A14="","",IF(COUNTIFS(Calibration!$A$5:$A$104,A14,Calibration!$G$5:$G$104,"Yes",Calibration!$H$5:$H$104,"Yes")>0,"Two experts",IF(COUNTIFS(Calibration!$A$5:$A$104,A14,Calibration!$G$5:$G$104,"Yes")>0,"Expert and presenter","No")))
O15: =IF(A15="","",IF(COUNTIFS(Calibration!$A$5:$A$104,A15,Calibration!$G$5:$G$104,"Yes",Calibration!$H$5:$H$104,"Yes")>0,"Two experts",IF(COUNTIFS(Calibration!$A$5:$A$104,A15,Calibration!$G$5:$G$104,"Yes")>0,"Expert and presenter","No")))
O16: =IF(A16="","",IF(COUNTIFS(Calibration!$A$5:$A$104,A16,Calibration!$G$5:$G$104,"Yes",Calibration!$H$5:$H$104,"Yes")>0,"Two experts",IF(COUNTIFS(Calibration!$A$5:$A$104,A16,Calibration!$G$5:$G$104,"Yes")>0,"Expert and presenter","No")))
... O104: =IF(A104="","",IF(COUNTIFS(Calibration!$A$5:$A$104,A104,Calibration!$G$5:$G$104,"Yes",Calibration!$H$5:$H$104,"Yes")>0,"Two experts",IF(COUNTIFS(Calibration!$A$5:$A$104,A104,Calibration!$G$5:$G$104,"Yes")>0,"Expert and presenter","No")))

Sheet Runs
A1: Runs
A2: One row per run. Three runs per case, each in a fresh worktree. Save every output outside the repository. Cost (USD) and Duration (minutes): from the run's --output-format json result: total_cost_usd and duration_ms. run-case.sh prints rows in this column order. Row 4 is an example.
A3: Case ID | B3: Run number | C3: Date | D3: Run by (role) | E3: Claude Code version | F3: Model | G3: Skill or plugin used (none, or name and version) | H3: How isolated | I3: Verdict | J3: What we noticed | K3: Output location (outside the repository) | L3: Cost (USD) | M3: Duration (minutes)
A4: EX-01 | B4: 1 | C4: YYYY-MM-DD | D4: Reviewer | E4: 2.1.xxx | F4: Default | G4: None | H4: Fresh worktree | I4: Pass | J4: Regression test passes; diff touches only the lookup | K4: eval-set/outputs/EX-01-run-1 | L4: 0.42 | M4: 3.5

Sheet Calibration
A1: Calibration
A2: Two graders grade each output independently. Agreement means both gave the same verdict and neither chose Can't tell.
A3: Case ID | B3: Output graded | C3: Grader A (role) | D3: Grader A verdict | E3: Grader B (role) | F3: Grader B verdict | G3: Agree? | H3: Both domain experts? | I3: How the case was rewritten | K3: Agreement rate
A4: EX-01 | B4: Weak | C4: Backend lead | D4: Pass | E4: Staff engineer | F4: Fail | G4: =IF(OR(D4="",F4=""),"",IF(AND(D4=F4,D4<>"Can't tell"),"Yes","No")) | H4: Yes | I4: Clarified that the fix must keep the response schema | K4: =IF(COUNTIF(G5:G104,"Yes")+COUNTIF(G5:G104,"No")=0,"",COUNTIF(G5:G104,"Yes")/(COUNTIF(G5:G104,"Yes")+COUNTIF(G5:G104,"No")))
G5: =IF(OR(D5="",F5=""),"",IF(AND(D5=F5,D5<>"Can't tell"),"Yes","No")) | K5: Excludes the example row.
G6: =IF(OR(D6="",F6=""),"",IF(AND(D6=F6,D6<>"Can't tell"),"Yes","No"))
G7: =IF(OR(D7="",F7=""),"",IF(AND(D7=F7,D7<>"Can't tell"),"Yes","No"))
G8: =IF(OR(D8="",F8=""),"",IF(AND(D8=F8,D8<>"Can't tell"),"Yes","No"))
G9: =IF(OR(D9="",F9=""),"",IF(AND(D9=F9,D9<>"Can't tell"),"Yes","No"))
G10: =IF(OR(D10="",F10=""),"",IF(AND(D10=F10,D10<>"Can't tell"),"Yes","No"))
G11: =IF(OR(D11="",F11=""),"",IF(AND(D11=F11,D11<>"Can't tell"),"Yes","No"))
G12: =IF(OR(D12="",F12=""),"",IF(AND(D12=F12,D12<>"Can't tell"),"Yes","No"))
G13: =IF(OR(D13="",F13=""),"",IF(AND(D13=F13,D13<>"Can't tell"),"Yes","No"))
G14: =IF(OR(D14="",F14=""),"",IF(AND(D14=F14,D14<>"Can't tell"),"Yes","No"))
G15: =IF(OR(D15="",F15=""),"",IF(AND(D15=F15,D15<>"Can't tell"),"Yes","No"))
G16: =IF(OR(D16="",F16=""),"",IF(AND(D16=F16,D16<>"Can't tell"),"Yes","No"))
G17: =IF(OR(D17="",F17=""),"",IF(AND(D17=F17,D17<>"Can't tell"),"Yes","No"))
... G104: =IF(OR(D104="",F104=""),"",IF(AND(D104=F104,D104<>"Can't tell"),"Yes","No"))

Sheet Summary
A1: Summary
A2: Calculated from Eval Cases, Runs, and Calibration. Example rows are excluded. Can't tell runs are left out of pass rates. Do not type in this tab.
A3: Case ID | B3: Target task | C3: Type | D3: Runs | E3: Passes | F3: Can't tell | G3: Pass rate | H3: Passed every run | L3: Overview | O3: Target task | P3: Cases | Q3: Graded runs | R3: Passes | S3: Pass rate
A4: =IF('Eval Cases'!A5="","",'Eval Cases'!A5) | B4: =IF(A4="","",'Eval Cases'!B5) | C4: =IF(A4="","",'Eval Cases'!C5) | D4: =IF(A4="","",COUNTIF(Runs!$A$5:$A$1004,A4)) | E4: =IF(A4="","",COUNTIFS(Runs!$A$5:$A$1004,A4,Runs!$I$5:$I$1004,"Pass")) | F4: =IF(A4="","",COUNTIFS(Runs!$A$5:$A$1004,A4,Runs!$I$5:$I$1004,"Can't tell")) | G4: =IF(A4="","",IF(D4-F4=0,"",E4/(D4-F4))) | H4: =IF(A4="","",IF(D4=0,"Not run",IF(D4-E4-F4>0,"No",IF(E4>=3,"Yes","Needs 3 graded runs")))) | L4: Cases written | M4: =SUMPRODUCT(--(LEN($A$4:$A$103)>0)) | O4: =IF('Target Tasks'!A5="","",'Target Tasks'!A5) | P4: =IF(O4="","",COUNTIF($B$4:$B$103,O4)) | Q4: =IF(O4="","",SUMIF($B$4:$B$103,O4,$D$4:$D$103)-SUMIF($B$4:$B$103,O4,$F$4:$F$103)) | R4: =IF(O4="","",SUMIF($B$4:$B$103,O4,$E$4:$E$103)) | S4: =IF(O4="","",IF(Q4=0,"",R4/Q4))
A5: =IF('Eval Cases'!A6="","",'Eval Cases'!A6) | B5: =IF(A5="","",'Eval Cases'!B6) | C5: =IF(A5="","",'Eval Cases'!C6) | D5: =IF(A5="","",COUNTIF(Runs!$A$5:$A$1004,A5)) | E5: =IF(A5="","",COUNTIFS(Runs!$A$5:$A$1004,A5,Runs!$I$5:$I$1004,"Pass")) | F5: =IF(A5="","",COUNTIFS(Runs!$A$5:$A$1004,A5,Runs!$I$5:$I$1004,"Can't tell")) | G5: =IF(A5="","",IF(D5-F5=0,"",E5/(D5-F5))) | H5: =IF(A5="","",IF(D5=0,"Not run",IF(D5-E5-F5>0,"No",IF(E5>=3,"Yes","Needs 3 graded runs")))) | L5: Cases meeting the two-expert standard | M5: =COUNTIF('Eval Cases'!O5:O104,"Two experts") | O5: =IF('Target Tasks'!A6="","",'Target Tasks'!A6) | P5: =IF(O5="","",COUNTIF($B$4:$B$103,O5)) | Q5: =IF(O5="","",SUMIF($B$4:$B$103,O5,$D$4:$D$103)-SUMIF($B$4:$B$103,O5,$F$4:$F$103)) | R5: =IF(O5="","",SUMIF($B$4:$B$103,O5,$E$4:$E$103)) | S5: =IF(O5="","",IF(Q5=0,"",R5/Q5))
A6: =IF('Eval Cases'!A7="","",'Eval Cases'!A7) | B6: =IF(A6="","",'Eval Cases'!B7) | C6: =IF(A6="","",'Eval Cases'!C7) | D6: =IF(A6="","",COUNTIF(Runs!$A$5:$A$1004,A6)) | E6: =IF(A6="","",COUNTIFS(Runs!$A$5:$A$1004,A6,Runs!$I$5:$I$1004,"Pass")) | F6: =IF(A6="","",COUNTIFS(Runs!$A$5:$A$1004,A6,Runs!$I$5:$I$1004,"Can't tell")) | G6: =IF(A6="","",IF(D6-F6=0,"",E6/(D6-F6))) | H6: =IF(A6="","",IF(D6=0,"Not run",IF(D6-E6-F6>0,"No",IF(E6>=3,"Yes","Needs 3 graded runs")))) | L6: Total runs | M6: =SUM($D$4:$D$103) | O6: =IF('Target Tasks'!A7="","",'Target Tasks'!A7) | P6: =IF(O6="","",COUNTIF($B$4:$B$103,O6)) | Q6: =IF(O6="","",SUMIF($B$4:$B$103,O6,$D$4:$D$103)-SUMIF($B$4:$B$103,O6,$F$4:$F$103)) | R6: =IF(O6="","",SUMIF($B$4:$B$103,O6,$E$4:$E$103)) | S6: =IF(O6="","",IF(Q6=0,"",R6/Q6))
A7: =IF('Eval Cases'!A8="","",'Eval Cases'!A8) | B7: =IF(A7="","",'Eval Cases'!B8) | C7: =IF(A7="","",'Eval Cases'!C8) | D7: =IF(A7="","",COUNTIF(Runs!$A$5:$A$1004,A7)) | E7: =IF(A7="","",COUNTIFS(Runs!$A$5:$A$1004,A7,Runs!$I$5:$I$1004,"Pass")) | F7: =IF(A7="","",COUNTIFS(Runs!$A$5:$A$1004,A7,Runs!$I$5:$I$1004,"Can't tell")) | G7: =IF(A7="","",IF(D7-F7=0,"",E7/(D7-F7))) | H7: =IF(A7="","",IF(D7=0,"Not run",IF(D7-E7-F7>0,"No",IF(E7>=3,"Yes","Needs 3 graded runs")))) | L7: Can't tell runs | M7: =SUM($F$4:$F$103) | O7: =IF('Target Tasks'!A8="","",'Target Tasks'!A8) | P7: =IF(O7="","",COUNTIF($B$4:$B$103,O7)) | Q7: =IF(O7="","",SUMIF($B$4:$B$103,O7,$D$4:$D$103)-SUMIF($B$4:$B$103,O7,$F$4:$F$103)) | R7: =IF(O7="","",SUMIF($B$4:$B$103,O7,$E$4:$E$103)) | S7: =IF(O7="","",IF(Q7=0,"",R7/Q7))
A8: =IF('Eval Cases'!A9="","",'Eval Cases'!A9) | B8: =IF(A8="","",'Eval Cases'!B9) | C8: =IF(A8="","",'Eval Cases'!C9) | D8: =IF(A8="","",COUNTIF(Runs!$A$5:$A$1004,A8)) | E8: =IF(A8="","",COUNTIFS(Runs!$A$5:$A$1004,A8,Runs!$I$5:$I$1004,"Pass")) | F8: =IF(A8="","",COUNTIFS(Runs!$A$5:$A$1004,A8,Runs!$I$5:$I$1004,"Can't tell")) | G8: =IF(A8="","",IF(D8-F8=0,"",E8/(D8-F8))) | H8: =IF(A8="","",IF(D8=0,"Not run",IF(D8-E8-F8>0,"No",IF(E8>=3,"Yes","Needs 3 graded runs")))) | L8: Passes | M8: =SUM($E$4:$E$103) | O8: =IF('Target Tasks'!A9="","",'Target Tasks'!A9) | P8: =IF(O8="","",COUNTIF($B$4:$B$103,O8)) | Q8: =IF(O8="","",SUMIF($B$4:$B$103,O8,$D$4:$D$103)-SUMIF($B$4:$B$103,O8,$F$4:$F$103)) | R8: =IF(O8="","",SUMIF($B$4:$B$103,O8,$E$4:$E$103)) | S8: =IF(O8="","",IF(Q8=0,"",R8/Q8))
A9: =IF('Eval Cases'!A10="","",'Eval Cases'!A10) | B9: =IF(A9="","",'Eval Cases'!B10) | C9: =IF(A9="","",'Eval Cases'!C10) | D9: =IF(A9="","",COUNTIF(Runs!$A$5:$A$1004,A9)) | E9: =IF(A9="","",COUNTIFS(Runs!$A$5:$A$1004,A9,Runs!$I$5:$I$1004,"Pass")) | F9: =IF(A9="","",COUNTIFS(Runs!$A$5:$A$1004,A9,Runs!$I$5:$I$1004,"Can't tell")) | G9: =IF(A9="","",IF(D9-F9=0,"",E9/(D9-F9))) | H9: =IF(A9="","",IF(D9=0,"Not run",IF(D9-E9-F9>0,"No",IF(E9>=3,"Yes","Needs 3 graded runs")))) | L9: Overall pass rate | M9: =IF(M6-M7=0,"",M8/(M6-M7)) | O9: =IF('Target Tasks'!A10="","",'Target Tasks'!A10) | P9: =IF(O9="","",COUNTIF($B$4:$B$103,O9)) | Q9: =IF(O9="","",SUMIF($B$4:$B$103,O9,$D$4:$D$103)-SUMIF($B$4:$B$103,O9,$F$4:$F$103)) | R9: =IF(O9="","",SUMIF($B$4:$B$103,O9,$E$4:$E$103)) | S9: =IF(O9="","",IF(Q9=0,"",R9/Q9))
A10: =IF('Eval Cases'!A11="","",'Eval Cases'!A11) | B10: =IF(A10="","",'Eval Cases'!B11) | C10: =IF(A10="","",'Eval Cases'!C11) | D10: =IF(A10="","",COUNTIF(Runs!$A$5:$A$1004,A10)) | E10: =IF(A10="","",COUNTIFS(Runs!$A$5:$A$1004,A10,Runs!$I$5:$I$1004,"Pass")) | F10: =IF(A10="","",COUNTIFS(Runs!$A$5:$A$1004,A10,Runs!$I$5:$I$1004,"Can't tell")) | G10: =IF(A10="","",IF(D10-F10=0,"",E10/(D10-F10))) | H10: =IF(A10="","",IF(D10=0,"Not run",IF(D10-E10-F10>0,"No",IF(E10>=3,"Yes","Needs 3 graded runs")))) | L10: Cases with three or more graded runs | M10: =SUMPRODUCT(((VALUE("0"&$D$4:$D$103)-VALUE("0"&$F$4:$F$103))>=3)*1) | O10: =IF('Target Tasks'!A11="","",'Target Tasks'!A11) | P10: =IF(O10="","",COUNTIF($B$4:$B$103,O10)) | Q10: =IF(O10="","",SUMIF($B$4:$B$103,O10,$D$4:$D$103)-SUMIF($B$4:$B$103,O10,$F$4:$F$103)) | R10: =IF(O10="","",SUMIF($B$4:$B$103,O10,$E$4:$E$103)) | S10: =IF(O10="","",IF(Q10=0,"",R10/Q10))
A11: =IF('Eval Cases'!A12="","",'Eval Cases'!A12) | B11: =IF(A11="","",'Eval Cases'!B12) | C11: =IF(A11="","",'Eval Cases'!C12) | D11: =IF(A11="","",COUNTIF(Runs!$A$5:$A$1004,A11)) | E11: =IF(A11="","",COUNTIFS(Runs!$A$5:$A$1004,A11,Runs!$I$5:$I$1004,"Pass")) | F11: =IF(A11="","",COUNTIFS(Runs!$A$5:$A$1004,A11,Runs!$I$5:$I$1004,"Can't tell")) | G11: =IF(A11="","",IF(D11-F11=0,"",E11/(D11-F11))) | H11: =IF(A11="","",IF(D11=0,"Not run",IF(D11-E11-F11>0,"No",IF(E11>=3,"Yes","Needs 3 graded runs")))) | L11: Cases that passed every run | M11: =COUNTIF($H$4:$H$103,"Yes") | O11: =IF('Target Tasks'!A12="","",'Target Tasks'!A12) | P11: =IF(O11="","",COUNTIF($B$4:$B$103,O11)) | Q11: =IF(O11="","",SUMIF($B$4:$B$103,O11,$D$4:$D$103)-SUMIF($B$4:$B$103,O11,$F$4:$F$103)) | R11: =IF(O11="","",SUMIF($B$4:$B$103,O11,$E$4:$E$103)) | S11: =IF(O11="","",IF(Q11=0,"",R11/Q11))
A12: =IF('Eval Cases'!A13="","",'Eval Cases'!A13) | B12: =IF(A12="","",'Eval Cases'!B13) | C12: =IF(A12="","",'Eval Cases'!C13) | D12: =IF(A12="","",COUNTIF(Runs!$A$5:$A$1004,A12)) | E12: =IF(A12="","",COUNTIFS(Runs!$A$5:$A$1004,A12,Runs!$I$5:$I$1004,"Pass")) | F12: =IF(A12="","",COUNTIFS(Runs!$A$5:$A$1004,A12,Runs!$I$5:$I$1004,"Can't tell")) | G12: =IF(A12="","",IF(D12-F12=0,"",E12/(D12-F12))) | H12: =IF(A12="","",IF(D12=0,"Not run",IF(D12-E12-F12>0,"No",IF(E12>=3,"Yes","Needs 3 graded runs")))) | L12: Share passing every run | M12: =IF(M10=0,"",M11/M10) | O12: =IF('Target Tasks'!A13="","",'Target Tasks'!A13) | P12: =IF(O12="","",COUNTIF($B$4:$B$103,O12)) | Q12: =IF(O12="","",SUMIF($B$4:$B$103,O12,$D$4:$D$103)-SUMIF($B$4:$B$103,O12,$F$4:$F$103)) | R12: =IF(O12="","",SUMIF($B$4:$B$103,O12,$E$4:$E$103)) | S12: =IF(O12="","",IF(Q12=0,"",R12/Q12))
A13: =IF('Eval Cases'!A14="","",'Eval Cases'!A14) | B13: =IF(A13="","",'Eval Cases'!B14) | C13: =IF(A13="","",'Eval Cases'!C14) | D13: =IF(A13="","",COUNTIF(Runs!$A$5:$A$1004,A13)) | E13: =IF(A13="","",COUNTIFS(Runs!$A$5:$A$1004,A13,Runs!$I$5:$I$1004,"Pass")) | F13: =IF(A13="","",COUNTIFS(Runs!$A$5:$A$1004,A13,Runs!$I$5:$I$1004,"Can't tell")) | G13: =IF(A13="","",IF(D13-F13=0,"",E13/(D13-F13))) | H13: =IF(A13="","",IF(D13=0,"Not run",IF(D13-E13-F13>0,"No",IF(E13>=3,"Yes","Needs 3 graded runs")))) | L13: Regression pass rate | M13: =IF(SUMIF($C$4:$C$103,"Regression",$D$4:$D$103)-SUMIF($C$4:$C$103,"Regression",$F$4:$F$103)=0,"",SUMIF($C$4:$C$103,"Regression",$E$4:$E$103)/(SUMIF($C$4:$C$103,"Regression",$D$4:$D$103)-SUMIF($C$4:$C$103,"Regression",$F$4:$F$103))) | O13: =IF('Target Tasks'!A14="","",'Target Tasks'!A14) | P13: =IF(O13="","",COUNTIF($B$4:$B$103,O13)) | Q13: =IF(O13="","",SUMIF($B$4:$B$103,O13,$D$4:$D$103)-SUMIF($B$4:$B$103,O13,$F$4:$F$103)) | R13: =IF(O13="","",SUMIF($B$4:$B$103,O13,$E$4:$E$103)) | S13: =IF(O13="","",IF(Q13=0,"",R13/Q13))
A14: =IF('Eval Cases'!A15="","",'Eval Cases'!A15) | B14: =IF(A14="","",'Eval Cases'!B15) | C14: =IF(A14="","",'Eval Cases'!C15) | D14: =IF(A14="","",COUNTIF(Runs!$A$5:$A$1004,A14)) | E14: =IF(A14="","",COUNTIFS(Runs!$A$5:$A$1004,A14,Runs!$I$5:$I$1004,"Pass")) | F14: =IF(A14="","",COUNTIFS(Runs!$A$5:$A$1004,A14,Runs!$I$5:$I$1004,"Can't tell")) | G14: =IF(A14="","",IF(D14-F14=0,"",E14/(D14-F14))) | H14: =IF(A14="","",IF(D14=0,"Not run",IF(D14-E14-F14>0,"No",IF(E14>=3,"Yes","Needs 3 graded runs")))) | L14: Capability pass rate | M14: =IF(SUMIF($C$4:$C$103,"Capability",$D$4:$D$103)-SUMIF($C$4:$C$103,"Capability",$F$4:$F$103)=0,"",SUMIF($C$4:$C$103,"Capability",$E$4:$E$103)/(SUMIF($C$4:$C$103,"Capability",$D$4:$D$103)-SUMIF($C$4:$C$103,"Capability",$F$4:$F$103))) | O14: =IF('Target Tasks'!A15="","",'Target Tasks'!A15) | P14: =IF(O14="","",COUNTIF($B$4:$B$103,O14)) | Q14: =IF(O14="","",SUMIF($B$4:$B$103,O14,$D$4:$D$103)-SUMIF($B$4:$B$103,O14,$F$4:$F$103)) | R14: =IF(O14="","",SUMIF($B$4:$B$103,O14,$E$4:$E$103)) | S14: =IF(O14="","",IF(Q14=0,"",R14/Q14))
A15: =IF('Eval Cases'!A16="","",'Eval Cases'!A16) | B15: =IF(A15="","",'Eval Cases'!B16) | C15: =IF(A15="","",'Eval Cases'!C16) | D15: =IF(A15="","",COUNTIF(Runs!$A$5:$A$1004,A15)) | E15: =IF(A15="","",COUNTIFS(Runs!$A$5:$A$1004,A15,Runs!$I$5:$I$1004,"Pass")) | F15: =IF(A15="","",COUNTIFS(Runs!$A$5:$A$1004,A15,Runs!$I$5:$I$1004,"Can't tell")) | G15: =IF(A15="","",IF(D15-F15=0,"",E15/(D15-F15))) | H15: =IF(A15="","",IF(D15=0,"Not run",IF(D15-E15-F15>0,"No",IF(E15>=3,"Yes","Needs 3 graded runs")))) | L15: Grader agreement rate | M15: =Calibration!K4 | O15: =IF('Target Tasks'!A16="","",'Target Tasks'!A16) | P15: =IF(O15="","",COUNTIF($B$4:$B$103,O15)) | Q15: =IF(O15="","",SUMIF($B$4:$B$103,O15,$D$4:$D$103)-SUMIF($B$4:$B$103,O15,$F$4:$F$103)) | R15: =IF(O15="","",SUMIF($B$4:$B$103,O15,$E$4:$E$103)) | S15: =IF(O15="","",IF(Q15=0,"",R15/Q15))
A16: =IF('Eval Cases'!A17="","",'Eval Cases'!A17) | B16: =IF(A16="","",'Eval Cases'!B17) | C16: =IF(A16="","",'Eval Cases'!C17) | D16: =IF(A16="","",COUNTIF(Runs!$A$5:$A$1004,A16)) | E16: =IF(A16="","",COUNTIFS(Runs!$A$5:$A$1004,A16,Runs!$I$5:$I$1004,"Pass")) | F16: =IF(A16="","",COUNTIFS(Runs!$A$5:$A$1004,A16,Runs!$I$5:$I$1004,"Can't tell")) | G16: =IF(A16="","",IF(D16-F16=0,"",E16/(D16-F16))) | H16: =IF(A16="","",IF(D16=0,"Not run",IF(D16-E16-F16>0,"No",IF(E16>=3,"Yes","Needs 3 graded runs")))) | O16: =IF('Target Tasks'!A17="","",'Target Tasks'!A17) | P16: =IF(O16="","",COUNTIF($B$4:$B$103,O16)) | Q16: =IF(O16="","",SUMIF($B$4:$B$103,O16,$D$4:$D$103)-SUMIF($B$4:$B$103,O16,$F$4:$F$103)) | R16: =IF(O16="","",SUMIF($B$4:$B$103,O16,$E$4:$E$103)) | S16: =IF(O16="","",IF(Q16=0,"",R16/Q16))
A17: =IF('Eval Cases'!A18="","",'Eval Cases'!A18) | B17: =IF(A17="","",'Eval Cases'!B18) | C17: =IF(A17="","",'Eval Cases'!C18) | D17: =IF(A17="","",COUNTIF(Runs!$A$5:$A$1004,A17)) | E17: =IF(A17="","",COUNTIFS(Runs!$A$5:$A$1004,A17,Runs!$I$5:$I$1004,"Pass")) | F17: =IF(A17="","",COUNTIFS(Runs!$A$5:$A$1004,A17,Runs!$I$5:$I$1004,"Can't tell")) | G17: =IF(A17="","",IF(D17-F17=0,"",E17/(D17-F17))) | H17: =IF(A17="","",IF(D17=0,"Not run",IF(D17-E17-F17>0,"No",IF(E17>=3,"Yes","Needs 3 graded runs")))) | O17: =IF('Target Tasks'!A18="","",'Target Tasks'!A18) | P17: =IF(O17="","",COUNTIF($B$4:$B$103,O17)) | Q17: =IF(O17="","",SUMIF($B$4:$B$103,O17,$D$4:$D$103)-SUMIF($B$4:$B$103,O17,$F$4:$F$103)) | R17: =IF(O17="","",SUMIF($B$4:$B$103,O17,$E$4:$E$103)) | S17: =IF(O17="","",IF(Q17=0,"",R17/Q17))
A18: =IF('Eval Cases'!A19="","",'Eval Cases'!A19) | B18: =IF(A18="","",'Eval Cases'!B19) | C18: =IF(A18="","",'Eval Cases'!C19) | D18: =IF(A18="","",COUNTIF(Runs!$A$5:$A$1004,A18)) | E18: =IF(A18="","",COUNTIFS(Runs!$A$5:$A$1004,A18,Runs!$I$5:$I$1004,"Pass")) | F18: =IF(A18="","",COUNTIFS(Runs!$A$5:$A$1004,A18,Runs!$I$5:$I$1004,"Can't tell")) | G18: =IF(A18="","",IF(D18-F18=0,"",E18/(D18-F18))) | H18: =IF(A18="","",IF(D18=0,"Not run",IF(D18-E18-F18>0,"No",IF(E18>=3,"Yes","Needs 3 graded runs")))) | O18: =IF('Target Tasks'!A19="","",'Target Tasks'!A19) | P18: =IF(O18="","",COUNTIF($B$4:$B$103,O18)) | Q18: =IF(O18="","",SUMIF($B$4:$B$103,O18,$D$4:$D$103)-SUMIF($B$4:$B$103,O18,$F$4:$F$103)) | R18: =IF(O18="","",SUMIF($B$4:$B$103,O18,$E$4:$E$103)) | S18: =IF(O18="","",IF(Q18=0,"",R18/Q18))
A19: =IF('Eval Cases'!A20="","",'Eval Cases'!A20) | B19: =IF(A19="","",'Eval Cases'!B20) | C19: =IF(A19="","",'Eval Cases'!C20) | D19: =IF(A19="","",COUNTIF(Runs!$A$5:$A$1004,A19)) | E19: =IF(A19="","",COUNTIFS(Runs!$A$5:$A$1004,A19,Runs!$I$5:$I$1004,"Pass")) | F19: =IF(A19="","",COUNTIFS(Runs!$A$5:$A$1004,A19,Runs!$I$5:$I$1004,"Can't tell")) | G19: =IF(A19="","",IF(D19-F19=0,"",E19/(D19-F19))) | H19: =IF(A19="","",IF(D19=0,"Not run",IF(D19-E19-F19>0,"No",IF(E19>=3,"Yes","Needs 3 graded runs")))) | O19: =IF('Target Tasks'!A20="","",'Target Tasks'!A20) | P19: =IF(O19="","",COUNTIF($B$4:$B$103,O19)) | Q19: =IF(O19="","",SUMIF($B$4:$B$103,O19,$D$4:$D$103)-SUMIF($B$4:$B$103,O19,$F$4:$F$103)) | R19: =IF(O19="","",SUMIF($B$4:$B$103,O19,$E$4:$E$103)) | S19: =IF(O19="","",IF(Q19=0,"",R19/Q19))
A20: =IF('Eval Cases'!A21="","",'Eval Cases'!A21) | B20: =IF(A20="","",'Eval Cases'!B21) | C20: =IF(A20="","",'Eval Cases'!C21) | D20: =IF(A20="","",COUNTIF(Runs!$A$5:$A$1004,A20)) | E20: =IF(A20="","",COUNTIFS(Runs!$A$5:$A$1004,A20,Runs!$I$5:$I$1004,"Pass")) | F20: =IF(A20="","",COUNTIFS(Runs!$A$5:$A$1004,A20,Runs!$I$5:$I$1004,"Can't tell")) | G20: =IF(A20="","",IF(D20-F20=0,"",E20/(D20-F20))) | H20: =IF(A20="","",IF(D20=0,"Not run",IF(D20-E20-F20>0,"No",IF(E20>=3,"Yes","Needs 3 graded runs")))) | O20: =IF('Target Tasks'!A21="","",'Target Tasks'!A21) | P20: =IF(O20="","",COUNTIF($B$4:$B$103,O20)) | Q20: =IF(O20="","",SUMIF($B$4:$B$103,O20,$D$4:$D$103)-SUMIF($B$4:$B$103,O20,$F$4:$F$103)) | R20: =IF(O20="","",SUMIF($B$4:$B$103,O20,$E$4:$E$103)) | S20: =IF(O20="","",IF(Q20=0,"",R20/Q20))
A21: =IF('Eval Cases'!A22="","",'Eval Cases'!A22) | B21: =IF(A21="","",'Eval Cases'!B22) | C21: =IF(A21="","",'Eval Cases'!C22) | D21: =IF(A21="","",COUNTIF(Runs!$A$5:$A$1004,A21)) | E21: =IF(A21="","",COUNTIFS(Runs!$A$5:$A$1004,A21,Runs!$I$5:$I$1004,"Pass")) | F21: =IF(A21="","",COUNTIFS(Runs!$A$5:$A$1004,A21,Runs!$I$5:$I$1004,"Can't tell")) | G21: =IF(A21="","",IF(D21-F21=0,"",E21/(D21-F21))) | H21: =IF(A21="","",IF(D21=0,"Not run",IF(D21-E21-F21>0,"No",IF(E21>=3,"Yes","Needs 3 graded runs")))) | O21: =IF('Target Tasks'!A22="","",'Target Tasks'!A22) | P21: =IF(O21="","",COUNTIF($B$4:$B$103,O21)) | Q21: =IF(O21="","",SUMIF($B$4:$B$103,O21,$D$4:$D$103)-SUMIF($B$4:$B$103,O21,$F$4:$F$103)) | R21: =IF(O21="","",SUMIF($B$4:$B$103,O21,$E$4:$E$103)) | S21: =IF(O21="","",IF(Q21=0,"",R21/Q21))
A22: =IF('Eval Cases'!A23="","",'Eval Cases'!A23) | B22: =IF(A22="","",'Eval Cases'!B23) | C22: =IF(A22="","",'Eval Cases'!C23) | D22: =IF(A22="","",COUNTIF(Runs!$A$5:$A$1004,A22)) | E22: =IF(A22="","",COUNTIFS(Runs!$A$5:$A$1004,A22,Runs!$I$5:$I$1004,"Pass")) | F22: =IF(A22="","",COUNTIFS(Runs!$A$5:$A$1004,A22,Runs!$I$5:$I$1004,"Can't tell")) | G22: =IF(A22="","",IF(D22-F22=0,"",E22/(D22-F22))) | H22: =IF(A22="","",IF(D22=0,"Not run",IF(D22-E22-F22>0,"No",IF(E22>=3,"Yes","Needs 3 graded runs")))) | O22: =IF('Target Tasks'!A23="","",'Target Tasks'!A23) | P22: =IF(O22="","",COUNTIF($B$4:$B$103,O22)) | Q22: =IF(O22="","",SUMIF($B$4:$B$103,O22,$D$4:$D$103)-SUMIF($B$4:$B$103,O22,$F$4:$F$103)) | R22: =IF(O22="","",SUMIF($B$4:$B$103,O22,$E$4:$E$103)) | S22: =IF(O22="","",IF(Q22=0,"",R22/Q22))
A23: =IF('Eval Cases'!A24="","",'Eval Cases'!A24) | B23: =IF(A23="","",'Eval Cases'!B24) | C23: =IF(A23="","",'Eval Cases'!C24) | D23: =IF(A23="","",COUNTIF(Runs!$A$5:$A$1004,A23)) | E23: =IF(A23="","",COUNTIFS(Runs!$A$5:$A$1004,A23,Runs!$I$5:$I$1004,"Pass")) | F23: =IF(A23="","",COUNTIFS(Runs!$A$5:$A$1004,A23,Runs!$I$5:$I$1004,"Can't tell")) | G23: =IF(A23="","",IF(D23-F23=0,"",E23/(D23-F23))) | H23: =IF(A23="","",IF(D23=0,"Not run",IF(D23-E23-F23>0,"No",IF(E23>=3,"Yes","Needs 3 graded runs")))) | O23: =IF('Target Tasks'!A24="","",'Target Tasks'!A24) | P23: =IF(O23="","",COUNTIF($B$4:$B$103,O23)) | Q23: =IF(O23="","",SUMIF($B$4:$B$103,O23,$D$4:$D$103)-SUMIF($B$4:$B$103,O23,$F$4:$F$103)) | R23: =IF(O23="","",SUMIF($B$4:$B$103,O23,$E$4:$E$103)) | S23: =IF(O23="","",IF(Q23=0,"",R23/Q23))
A24: =IF('Eval Cases'!A25="","",'Eval Cases'!A25) | B24: =IF(A24="","",'Eval Cases'!B25) | C24: =IF(A24="","",'Eval Cases'!C25) | D24: =IF(A24="","",COUNTIF(Runs!$A$5:$A$1004,A24)) | E24: =IF(A24="","",COUNTIFS(Runs!$A$5:$A$1004,A24,Runs!$I$5:$I$1004,"Pass")) | F24: =IF(A24="","",COUNTIFS(Runs!$A$5:$A$1004,A24,Runs!$I$5:$I$1004,"Can't tell")) | G24: =IF(A24="","",IF(D24-F24=0,"",E24/(D24-F24))) | H24: =IF(A24="","",IF(D24=0,"Not run",IF(D24-E24-F24>0,"No",IF(E24>=3,"Yes","Needs 3 graded runs"))))
A25: =IF('Eval Cases'!A26="","",'Eval Cases'!A26) | B25: =IF(A25="","",'Eval Cases'!B26) | C25: =IF(A25="","",'Eval Cases'!C26) | D25: =IF(A25="","",COUNTIF(Runs!$A$5:$A$1004,A25)) | E25: =IF(A25="","",COUNTIFS(Runs!$A$5:$A$1004,A25,Runs!$I$5:$I$1004,"Pass")) | F25: =IF(A25="","",COUNTIFS(Runs!$A$5:$A$1004,A25,Runs!$I$5:$I$1004,"Can't tell")) | G25: =IF(A25="","",IF(D25-F25=0,"",E25/(D25-F25))) | H25: =IF(A25="","",IF(D25=0,"Not run",IF(D25-E25-F25>0,"No",IF(E25>=3,"Yes","Needs 3 graded runs"))))
A26: =IF('Eval Cases'!A27="","",'Eval Cases'!A27) | B26: =IF(A26="","",'Eval Cases'!B27) | C26: =IF(A26="","",'Eval Cases'!C27) | D26: =IF(A26="","",COUNTIF(Runs!$A$5:$A$1004,A26)) | E26: =IF(A26="","",COUNTIFS(Runs!$A$5:$A$1004,A26,Runs!$I$5:$I$1004,"Pass")) | F26: =IF(A26="","",COUNTIFS(Runs!$A$5:$A$1004,A26,Runs!$I$5:$I$1004,"Can't tell")) | G26: =IF(A26="","",IF(D26-F26=0,"",E26/(D26-F26))) | H26: =IF(A26="","",IF(D26=0,"Not run",IF(D26-E26-F26>0,"No",IF(E26>=3,"Yes","Needs 3 graded runs"))))
A27: =IF('Eval Cases'!A28="","",'Eval Cases'!A28) | B27: =IF(A27="","",'Eval Cases'!B28) | C27: =IF(A27="","",'Eval Cases'!C28) | D27: =IF(A27="","",COUNTIF(Runs!$A$5:$A$1004,A27)) | E27: =IF(A27="","",COUNTIFS(Runs!$A$5:$A$1004,A27,Runs!$I$5:$I$1004,"Pass")) | F27: =IF(A27="","",COUNTIFS(Runs!$A$5:$A$1004,A27,Runs!$I$5:$I$1004,"Can't tell")) | G27: =IF(A27="","",IF(D27-F27=0,"",E27/(D27-F27))) | H27: =IF(A27="","",IF(D27=0,"Not run",IF(D27-E27-F27>0,"No",IF(E27>=3,"Yes","Needs 3 graded runs"))))
A28: =IF('Eval Cases'!A29="","",'Eval Cases'!A29) | B28: =IF(A28="","",'Eval Cases'!B29) | C28: =IF(A28="","",'Eval Cases'!C29) | D28: =IF(A28="","",COUNTIF(Runs!$A$5:$A$1004,A28)) | E28: =IF(A28="","",COUNTIFS(Runs!$A$5:$A$1004,A28,Runs!$I$5:$I$1004,"Pass")) | F28: =IF(A28="","",COUNTIFS(Runs!$A$5:$A$1004,A28,Runs!$I$5:$I$1004,"Can't tell")) | G28: =IF(A28="","",IF(D28-F28=0,"",E28/(D28-F28))) | H28: =IF(A28="","",IF(D28=0,"Not run",IF(D28-E28-F28>0,"No",IF(E28>=3,"Yes","Needs 3 graded runs"))))
A29: =IF('Eval Cases'!A30="","",'Eval Cases'!A30) | B29: =IF(A29="","",'Eval Cases'!B30) | C29: =IF(A29="","",'Eval Cases'!C30) | D29: =IF(A29="","",COUNTIF(Runs!$A$5:$A$1004,A29)) | E29: =IF(A29="","",COUNTIFS(Runs!$A$5:$A$1004,A29,Runs!$I$5:$I$1004,"Pass")) | F29: =IF(A29="","",COUNTIFS(Runs!$A$5:$A$1004,A29,Runs!$I$5:$I$1004,"Can't tell")) | G29: =IF(A29="","",IF(D29-F29=0,"",E29/(D29-F29))) | H29: =IF(A29="","",IF(D29=0,"Not run",IF(D29-E29-F29>0,"No",IF(E29>=3,"Yes","Needs 3 graded runs"))))
A30: =IF('Eval Cases'!A31="","",'Eval Cases'!A31) | B30: =IF(A30="","",'Eval Cases'!B31) | C30: =IF(A30="","",'Eval Cases'!C31) | D30: =IF(A30="","",COUNTIF(Runs!$A$5:$A$1004,A30)) | E30: =IF(A30="","",COUNTIFS(Runs!$A$5:$A$1004,A30,Runs!$I$5:$I$1004,"Pass")) | F30: =IF(A30="","",COUNTIFS(Runs!$A$5:$A$1004,A30,Runs!$I$5:$I$1004,"Can't tell")) | G30: =IF(A30="","",IF(D30-F30=0,"",E30/(D30-F30))) | H30: =IF(A30="","",IF(D30=0,"Not run",IF(D30-E30-F30>0,"No",IF(E30>=3,"Yes","Needs 3 graded runs"))))
A31: =IF('Eval Cases'!A32="","",'Eval Cases'!A32) | B31: =IF(A31="","",'Eval Cases'!B32) | C31: =IF(A31="","",'Eval Cases'!C32) | D31: =IF(A31="","",COUNTIF(Runs!$A$5:$A$1004,A31)) | E31: =IF(A31="","",COUNTIFS(Runs!$A$5:$A$1004,A31,Runs!$I$5:$I$1004,"Pass")) | F31: =IF(A31="","",COUNTIFS(Runs!$A$5:$A$1004,A31,Runs!$I$5:$I$1004,"Can't tell")) | G31: =IF(A31="","",IF(D31-F31=0,"",E31/(D31-F31))) | H31: =IF(A31="","",IF(D31=0,"Not run",IF(D31-E31-F31>0,"No",IF(E31>=3,"Yes","Needs 3 graded runs"))))
A32: =IF('Eval Cases'!A33="","",'Eval Cases'!A33) | B32: =IF(A32="","",'Eval Cases'!B33) | C32: =IF(A32="","",'Eval Cases'!C33) | D32: =IF(A32="","",COUNTIF(Runs!$A$5:$A$1004,A32)) | E32: =IF(A32="","",COUNTIFS(Runs!$A$5:$A$1004,A32,Runs!$I$5:$I$1004,"Pass")) | F32: =IF(A32="","",COUNTIFS(Runs!$A$5:$A$1004,A32,Runs!$I$5:$I$1004,"Can't tell")) | G32: =IF(A32="","",IF(D32-F32=0,"",E32/(D32-F32))) | H32: =IF(A32="","",IF(D32=0,"Not run",IF(D32-E32-F32>0,"No",IF(E32>=3,"Yes","Needs 3 graded runs"))))
A33: =IF('Eval Cases'!A34="","",'Eval Cases'!A34) | B33: =IF(A33="","",'Eval Cases'!B34) | C33: =IF(A33="","",'Eval Cases'!C34) | D33: =IF(A33="","",COUNTIF(Runs!$A$5:$A$1004,A33)) | E33: =IF(A33="","",COUNTIFS(Runs!$A$5:$A$1004,A33,Runs!$I$5:$I$1004,"Pass")) | F33: =IF(A33="","",COUNTIFS(Runs!$A$5:$A$1004,A33,Runs!$I$5:$I$1004,"Can't tell")) | G33: =IF(A33="","",IF(D33-F33=0,"",E33/(D33-F33))) | H33: =IF(A33="","",IF(D33=0,"Not run",IF(D33-E33-F33>0,"No",IF(E33>=3,"Yes","Needs 3 graded runs"))))
A34: =IF('Eval Cases'!A35="","",'Eval Cases'!A35) | B34: =IF(A34="","",'Eval Cases'!B35) | C34: =IF(A34="","",'Eval Cases'!C35) | D34: =IF(A34="","",COUNTIF(Runs!$A$5:$A$1004,A34)) | E34: =IF(A34="","",COUNTIFS(Runs!$A$5:$A$1004,A34,Runs!$I$5:$I$1004,"Pass")) | F34: =IF(A34="","",COUNTIFS(Runs!$A$5:$A$1004,A34,Runs!$I$5:$I$1004,"Can't tell")) | G34: =IF(A34="","",IF(D34-F34=0,"",E34/(D34-F34))) | H34: =IF(A34="","",IF(D34=0,"Not run",IF(D34-E34-F34>0,"No",IF(E34>=3,"Yes","Needs 3 graded runs"))))
A35: =IF('Eval Cases'!A36="","",'Eval Cases'!A36) | B35: =IF(A35="","",'Eval Cases'!B36) | C35: =IF(A35="","",'Eval Cases'!C36) | D35: =IF(A35="","",COUNTIF(Runs!$A$5:$A$1004,A35)) | E35: =IF(A35="","",COUNTIFS(Runs!$A$5:$A$1004,A35,Runs!$I$5:$I$1004,"Pass")) | F35: =IF(A35="","",COUNTIFS(Runs!$A$5:$A$1004,A35,Runs!$I$5:$I$1004,"Can't tell")) | G35: =IF(A35="","",IF(D35-F35=0,"",E35/(D35-F35))) | H35: =IF(A35="","",IF(D35=0,"Not run",IF(D35-E35-F35>0,"No",IF(E35>=3,"Yes","Needs 3 graded runs"))))
... A103: =IF('Eval Cases'!A104="","",'Eval Cases'!A104) | B103: =IF(A103="","",'Eval Cases'!B104) | C103: =IF(A103="","",'Eval Cases'!C104) | D103: =IF(A103="","",COUNTIF(Runs!$A$5:$A$1004,A103)) | E103: =IF(A103="","",COUNTIFS(Runs!$A$5:$A$1004,A103,Runs!$I$5:$I$1004,"Pass")) | F103: =IF(A103="","",COUNTIFS(Runs!$A$5:$A$1004,A103,Runs!$I$5:$I$1004,"Can't tell")) | G103: =IF(A103="","",IF(D103-F103=0,"",E103/(D103-F103))) | H103: =IF(A103="","",IF(D103=0,"Not run",IF(D103-E103-F103>0,"No",IF(E103>=3,"Yes","Needs 3 graded runs"))))

Sheet Decisions
A1: Decisions
A2: A decision for each target task and each gap found. Row 4 is an example.
A3: Item ID | B3: Target task | C3: What it does not handle yet | D3: Found in (case or review) | E3: Decision | F3: Owner (role) | G3: Target date
A4: G-EX | B4: Bug fix from a closed issue | C4: Fixes that need the production logs to diagnose | D4: EX-01 review | E4: Add a tool or MCP server | F4: Backend lead | G4: YYYY-MM-DD

Sheet Exit Criteria
A1: Exit criteria
A2: Set before results come in. Rows 5 and 6 calculate from the Summary, and row 9 from Target Tasks. Set each target from the foundation's own week-1 baseline; Anthropic benchmarks are for comparison only. Row 4 is an example.
A3: Criterion | B3: Source | C3: Target | D3: Measured | E3: Met? | F3: Notes
A4: Example: average reviewer time per pull request made with Claude Code | B4: Set by the foundation team | C4: Under 20 minutes | E4: Not yet measured
A5: Target-task pass rate | B5: Set by the foundation team | D5: =Summary!M9 | E5: =IF(OR(C5="",D5=""),"Not yet measured",IF(D5>=C5,"Yes","No"))
A6: Share of cases passing every run | B6: Set by the foundation team | D6: =Summary!M12 | E6: =IF(OR(C6="",D6=""),"Not yet measured",IF(D6>=C6,"Yes","No"))
A7: Daily active users against assigned seats | B7: Set by the foundation team from the week-1 baseline (analytics dashboard, Adoption chart)
A8: Merged pull requests with Claude Code (PRs with Claude Code %) | B8: Set by the foundation team from the week-1 baseline (contribution metrics)
A9: Target tasks ready to expand | B9: Set by the foundation team | D9: =IF(COUNTA('Target Tasks'!$A$5:$A$104)=0,"",COUNTIF('Target Tasks'!$H$5:$H$104,"Ready to expand")&" of "&COUNTA('Target Tasks'!$A$5:$A$104)&" target tasks ready")
A10: Cost per developer per active day | B10: Anthropic benchmark: about $13 on average, and under $30 for 90% of users
